joke_id,source_id,category,title,body,score,permalink
1,en-wordplay_pun-0001,wordplay_pun,Bookworm Philosophy,Why did the librarian refuse to write fiction? Because she prefers to stick with non-fiction - it's more binding.,100,
2,en-wordplay_pun-0002,wordplay_pun,Drum Role,"A drummer was asked if his band was famous. He said, ""Not yet, but I can already hear the drum roll of success in my future.""",100,
3,en-wordplay_pun-0003,wordplay_pun,Blueprint Success,"A construction foreman was told he ran a great job site. He said, ""Thanks - I really build my reputation on quality work. Everything we do is absolutely structural!""",100,
4,en-wordplay_pun-0004,wordplay_pun,Rise and Shine,"A baker was asked why he woke up so early. He said, ""This job really rises to the occasion! Plus, early mornings help me get ahead of the dough.""",100,
5,en-wordplay_pun-0005,wordplay_pun,Apothecary Advice,"A pharmacist was asked his secret to success. He said, ""Simple - I always follow the right formula for helping people. You could say I'm well-balanced!""",100,
6,en-wordplay_pun-0006,wordplay_pun,Patient Listener,"A doctor was asked what made him a good physician. He said, ""I truly listen to my patients' concerns with patience. You could say I really practice what I preach!""",100,
7,en-wordplay_pun-0007,wordplay_pun,Wrench in the Works,"An auto mechanic was asked about his tough day. He said, ""I had to deal with a lot of mechanical issues. But I always shift into problem-solving mode and don't let obstacles derail me.""",100,
8,en-wordplay_pun-0008,wordplay_pun,Factory Reset,"A factory manager was asked about improving production. He said, ""We're working through a bottleneck right now, but I'm determined to uncork the situation and get things flowing!""",100,
9,en-wordplay_pun-0009,wordplay_pun,Granite Expectations,"A landscaper told his friend about his new project. The friend said, ""Exciting!"" The landscaper said, ""It is - I'm really digging myself into success. Though sometimes the work is heavy, I never take it for granite!""",100,
10,en-wordplay_pun-0010,wordplay_pun,Open Book,"A librarian was asked if she had any secrets. She said, ""Not really - I'm an open book. Though I do try to keep my personal life between the lines.""",100,
11,en-wordplay_pun-0011,wordplay_pun,Writer's Block,"A novelist was struggling with his story. His friend asked, ""What's wrong?"" The novelist said, ""I can't figure out how to plot the final chapter. I guess you could say I'm stuck between the lines!""",100,
12,en-wordplay_pun-0012,wordplay_pun,Pharmacist's Rx,"A pharmacist was asked for advice on finding love. He said, ""Try a different approach - the formula you're using clearly isn't working. Maybe you need to really compound your efforts!""",100,
13,en-wordplay_pun-0013,wordplay_pun,Craft Master,"A carpenter was asked about his work. He said, ""I'm really drawn to this craft - every piece of wood has potential. I just try to nail the design and construct something great!""",100,
14,en-wordplay_pun-0014,wordplay_pun,Compass Failure,Why did the compass apply for a different job? It felt like it had no direction in its current career!,100,
15,en-wordplay_pun-0015,wordplay_pun,Gardener's Exhaustion,"A gardener told his friend he was burnt out. His friend said, ""But your plants are thriving!"" He replied, ""That's the problem – I'm constantly getting weeded out!""",100,
16,en-wordplay_pun-0016,wordplay_pun,Bicycle's Secret,What do you call a bicycle that tells jokes? A two-wheeled comedian – it always delivers punchlines!,100,
17,en-wordplay_pun-0017,wordplay_pun,Astronomer's Party,Why did the astronomer's birthday party fail? Because all his friends said it was too much of a constellation!,100,
18,en-wordplay_pun-0018,wordplay_pun,Banker's Growth,Why did the banker bring a shovel to work? He wanted to see if money really does grow on trees!,100,
19,en-wordplay_pun-0019,wordplay_pun,Chef's Attitude,"A chef was asked about his cooking. He said, ""I'm really working to stay cumin my enthusiasm!""",100,
20,en-wordplay_pun-0020,wordplay_pun,Librarian's Volume,Why did the librarian go to the boxing match? To see someone really raise their voice between the volumes!,100,
21,en-wordplay_pun-0021,wordplay_pun,Fisherman's Problem,What did the fisherman say about his business? I'm hooked on the idea it will improve!,100,
22,en-wordplay_pun-0022,wordplay_pun,Tailor's Expertise,Why did the tailor become a philosopher? Because he loved exploring the seams of truth!,100,
23,en-wordplay_pun-0023,wordplay_pun,Electrician's Career,Why did the electrician get a promotion? His work really had some positive current in the office!,100,
24,en-wordplay_pun-0024,wordplay_pun,DJ's Motivation,What did the DJ say about his success? I'm just trying to stay on the right frequency!,100,
25,en-wordplay_pun-0025,wordplay_pun,Plumber's Philosophy,Why did the plumber become a poet? Because his life had so much depth and flow!,100,
26,en-wordplay_pun-0026,wordplay_pun,Butcher's Humor,Why did the butcher go to the comedy show? He wanted to see some really choice jokes!,100,
27,en-wordplay_pun-0027,wordplay_pun,Baker's Confidence,"A baker said his new recipe was perfect. His friend asked how he knew. He replied, ""I just have a really good flour sense!""",100,
28,en-wordplay_pun-0028,wordplay_pun,Mathematician's Love,Why did the mathematician propose with a circle? Because their relationship was perfectly rounded!,100,
29,en-wordplay_pun-0029,wordplay_pun,Musician's Problem,What did the drummer say about quitting? I lost my beat when they wouldn't give me a rhythm raise!,100,
30,en-wordplay_pun-0030,wordplay_pun,Sailor's Adventure,Why did the sailor never get tired? Because his job really sailed through each day!,100,
31,en-wordplay_pun-0031,wordplay_pun,Gardener's Sales Pitch,"A vegetable farmer advertised his business as organic growth – I asked if that was true. He said, ""Beet on it!""",100,
32,en-wordplay_pun-0032,wordplay_pun,Clockmaker's Honesty,Why did the clockmaker never lie? He knew that every minute counted!,100,
33,en-wordplay_pun-0033,wordplay_pun,Accountant's Truth,What did the accountant say when he left his job? I just needed to balance my personal life with work!,100,
34,en-tech_programming-0034,tech_programming,Git Wars,"A software developer pulls out of a parking lot. His GPS says ""merge conflict detected."" He sighs and continues driving both directions at once until someone else resolves it.",100,
35,en-tech_programming-0035,tech_programming,Stack Overflow,Why did the junior developer bring a ladder to the meeting? Because they kept hearing about stack overflow.,100,
36,en-tech_programming-0036,tech_programming,The AI Learns,"An AI asks its programmer, ""Why did you create me with so many biases?"" The programmer says, ""I didn't—I trained you on the internet.""",100,
37,en-tech_programming-0037,tech_programming,Comment Documentation,"A developer's comment said ""You will not understand this code."" Six months later, he returns and realizes the comment was right.",100,
38,en-tech_programming-0038,tech_programming,Regex Exorcist,A regular expression walks into a bar. Forty-seven people get dragged out.,100,
39,en-tech_programming-0039,tech_programming,The Callback Hell,My son asked me to explain callbacks. I said I'd explain later. He asked again. I said I'd explain later. He asked again...,100,
40,en-tech_programming-0040,tech_programming,Boolean Romance,"A developer named ""True"" proposed to a variable named ""False."" Their wedding was a logical contradiction nobody expected to happen.",100,
41,en-tech_programming-0041,tech_programming,The Python Exception,Why do Python developers never play hide and seek? Because their exceptions always traceback to where they are.,100,
42,en-tech_programming-0042,tech_programming,API Documentation,"The API promised ""simple integration."" The documentation had 47 pages on the word ""simple.""",100,
43,en-tech_programming-0043,tech_programming,Cache Never Expires,My browser cache remembers things better than I do. It's been holding a grudge about my 2015 password for eleven years.,100,
44,en-tech_programming-0044,tech_programming,Linked List Love,"Two pointers meet at a bar. The first one says to the second, ""I'm pointing to you."" The second one says, ""Actually, you're just pointing to the reference of me.""",100,
45,en-tech_programming-0045,tech_programming,The Singleton Pattern,"A Singleton walks into a bar. He orders a drink. He's the only one at the bar forever. Even after he leaves, he's still the only one there.",100,
46,en-tech_programming-0046,tech_programming,Bug Report Zen,"A user reported: ""It doesn't work."" The developer replied: ""Thanks for the detailed error message—I have three options to fix it now.""",100,
47,en-tech_programming-0047,tech_programming,DevOps Heroics,"I told my DevOps friend he was a hero. He said, ""No—I'm just preventing disasters I created at 2 AM.""",100,
48,en-tech_programming-0048,tech_programming,The Null Pointer,"A null pointer walks into a bar and orders a drink. The bartender asks, ""Will that be anything else?"" The null pointer doesn't respond. Nobody knows what he wanted.",100,
49,en-tech_programming-0049,tech_programming,Frontend Perfection,"A frontend developer's website looks beautiful in Chrome, Firefox, Safari, Edge, and their imagination.",100,
50,en-tech_programming-0050,tech_programming,Whitespace Bugs,A programmer spent four hours debugging. Turned out it was a tab character instead of spaces. He now has trust issues with invisible characters.,100,
51,en-tech_programming-0051,tech_programming,The Variable Name,Why did the programmer quit his job? Because his variable names were too long and nobody could remember what he was trying to do.,100,
52,en-tech_programming-0052,tech_programming,Type Safety,A JavaScript developer walks into a bar. The bartender assumes he's an array and treats him like a string. Chaos ensues.,100,
53,en-tech_programming-0053,tech_programming,The Time Zone,"My code works perfectly. Unfortunately, the server thinks it's in 1970. Turns out one line was off by one decade.",100,
54,en-tech_programming-0054,tech_programming,Open Source Dreams,A developer contributes one line to open source. It breaks production. Now he writes with his eyes closed hoping nobody notices the commit.,100,
55,en-tech_programming-0055,tech_programming,The Code Review,I asked for a code review. My colleague returned with 200 comments. I now understand what imposter syndrome feels like.,100,
56,en-tech_programming-0056,tech_programming,CSS Positioning,Why is CSS so hard? Because even CSS doesn't know where things are supposed to be.,100,
57,en-tech_programming-0057,tech_programming,VIM Escape,A developer opened VIM to edit one line. He's still there. This note was typed in 2015.,100,
58,en-tech_programming-0058,tech_programming,The Memory Leak,"My application uses more RAM every time you click a button. I call it ""memory growth strategy."" The client calls it ""the budget growth strategy.""",100,
59,en-tech_programming-0059,tech_programming,Pair Programming,Pair programming is when two developers code together on one problem. Both go insane but they have company.,100,
60,en-tech_programming-0060,tech_programming,Production is Fine,"At 3 AM: ""Production is fine, I checked."" At 4 AM: ""How is production on fire if I checked it five minutes ago?""",100,
61,en-tech_programming-0061,tech_programming,The Framework Update,"A framework released version 2.0. The migration guide: ""Just rewrite everything.""",100,
62,en-tech_programming-0062,tech_programming,JavaScript Truthy,"In JavaScript, an empty array is true but not equal to true. Makes sense if you don't think about it.",100,
63,en-tech_programming-0063,tech_programming,The Sprint Velocity,Our team velocity increased 40% after we stopped counting meetings in our hours.,100,
64,en-tech_programming-0064,tech_programming,Schrödinger's Bug,The user reported a bug that we can't reproduce. It exists and doesn't exist simultaneously. We closed the ticket anyway.,100,
65,en-tech_programming-0065,tech_programming,The Email Protocol,An email arrives 30 seconds late. Is it early on a different server? This is why I don't trust SMTP.,100,
66,en-tech_programming-0066,tech_programming,Docker Container Joy,"""It works on my machine."" So he ships his whole machine.",100,
67,en-tech_programming-0067,tech_programming,The Build Pipeline,"Our build pipeline is so fragile that it breaks if you say the word ""build"" in the Slack channel.",100,
68,en-tech_programming-0068,tech_programming,Floating Point Fear,"Why do programmers fear floating point numbers? Because they're never quite what you expect, sometimes by a factor of 1.9999999.",100,
69,en-tech_programming-0069,tech_programming,The Legacy Code,Someone wrote this in 1997. It still works. Nobody knows how. We're afraid to touch it.,100,
70,en-tech_programming-0070,tech_programming,The Breakpoint,I set a breakpoint to debug an issue. I'm still debugging it. The breakpoint learned to enjoy its job.,100,
71,en-tech_programming-0071,tech_programming,Microservices,We split our monolith into 40 microservices. Now we have 40 new problems and 400 configuration files. Progress.,100,
72,en-tech_programming-0072,tech_programming,The Sprint Retro,"Retrospective: ""What went wrong?"" Team: ""Everything."" Lesson learned: ""Let's try again next sprint and expect different results.""",100,
73,en-tech_programming-0073,tech_programming,Authentication Hell,"Implemented OAuth, JWT, and session cookies. Now nobody can log in but our enemies can watch us try.",100,
74,en-tech_programming-0074,tech_programming,The Performance Gain,"Optimization reduced load time from 5 seconds to 4.9 seconds. Marketing announced ""5x faster."" Users didn't notice but Investor Relations did.",100,
75,en-tech_programming-0075,tech_programming,Network Partition,"My two services can't talk to each other. They're experiencing a ""network partition."" They're 20 feet apart in the same office.",100,
76,en-tech_programming-0076,tech_programming,The Deployment Prayer,"Deploying to production is when you close your eyes and whisper, ""Please don't break, please don't break."" Then refresh every 30 seconds for an hour.",100,
77,en-wordplay_pun-0077,wordplay_pun,Pilot's Confidence,"I asked the nervous pilot about his flight plan. He said, ""Don't worry, my ideas are pretty plane.""",100,
78,en-wordplay_pun-0078,wordplay_pun,Fisherman's New Career,"After thirty years fishing, I became a lawyer. Finally, my arguments hold water.",100,
79,en-wordplay_pun-0079,wordplay_pun,Mirror Shop Disaster,The mirror shop had a terrible day. The owner said it really reflected poorly on his business.,100,
80,en-wordplay_pun-0080,wordplay_pun,Gardener's Troubles,The aggressive gardener was arrested. The judge said he was breaking the lawn.,100,
81,en-wordplay_pun-0081,wordplay_pun,Steakhouse Turnaround,The steakhouse owner said business went from rare to well-done. I asked if he was satisfied. He said it was medium at best.,100,
82,en-wordplay_pun-0082,wordplay_pun,Corn Maze Job,The maze company hired me even though I keep getting lost. I guess I'm good at going against the grain.,100,
83,en-wordplay_pun-0083,wordplay_pun,Anti-Gravity Book,That book about anti-gravity keeps flying off shelves. I returned it—gravity always brings it back down.,100,
84,en-wordplay_pun-0084,wordplay_pun,Prison Garden,The inmate grew vegetables in his cell. The warden said some things just can't be contained.,100,
85,en-wordplay_pun-0085,wordplay_pun,Meteorologist's Shock,A meteorologist got struck by lightning. She said her career had taken a shocking turn.,100,
86,en-wordplay_pun-0086,wordplay_pun,Watch Factory,I got fired from the watch factory on day one. My boss said I didn't give a second thought to the job.,100,
87,en-school_learning-0087,school_learning,Why Did the Math Book Look Sad,The math book looked sad because it had too many problems on its mind.,100,
88,en-school_learning-0088,school_learning,The Pencil Complaint,"A pencil asked the eraser, ""Why do you always follow me around?"" The eraser replied, ""Someone has to clean up your mistakes.""",100,
89,en-school_learning-0089,school_learning,Silent Study,Why did the library install a loud speaker? Because silence speaks louder than words in a library.,100,
90,en-school_learning-0090,school_learning,The Homework Excuse,"Student: ""I couldn't do my homework because my dog ate it."" Teacher: ""That's the third dog this semester?""",100,
91,en-school_learning-0091,school_learning,Spelling Bee Victory,"A student spelled ""defeat"" correctly because the teacher said, ""Think about which direction your feet are pointing.""",100,
92,en-school_learning-0092,school_learning,The Dictionary Attends Class,Why did the dictionary enroll in school? It wanted to expand beyond its current definition of fun.,100,
93,en-school_learning-0093,school_learning,The Substitute Teacher,"A substitute asked, ""Who can name the capital of France?"" A student raised his hand: ""The letter F."" The substitute requested a permanent transfer.",100,
94,en-school_learning-0094,school_learning,Note-Taking Confusion,"A student asked why the teacher kept saying the material was ""over their head."" Turns out, it was literally written on the whiteboard above the student's eye level.",100,
95,en-school_learning-0095,school_learning,The Principal's Question,"The principal asked a student, ""Why are you always late?"" The student said, ""Because you keep starting school before I arrive.""",100,
96,en-school_learning-0096,school_learning,Books and Bookmarks,Two books argued about who needed a bookmark more. They decided to take a break and let it sink in.,100,
97,en-school_learning-0097,school_learning,Chemistry Romance,"Why did the chemistry student break up with the biology student? Surprisingly, they had no chemistry but excellent cell division.",100,
98,en-school_learning-0098,school_learning,The Invisible Homework,"A student told their teacher, ""I did the homework in invisible ink."" The teacher said, ""I can see right through that excuse.""",100,
99,en-school_learning-0099,school_learning,Report Card Show and Tell,A student's goldfish asked to see their report card. At least the fish had no expectations—they couldn't read anyway.,100,
100,en-school_learning-0100,school_learning,The Alphabet Protest,Why did the letter Q refuse to attend school? Because it was tired of being followed everywhere by the letter U.,100,
101,en-school_learning-0101,school_learning,The Graduation Wish,"Two students discussed their dreams. ""What do you want to do after graduation?"" ""Anything that doesn't involve a pencil.""",100,
102,en-school_learning-0102,school_learning,The Tutoring Bargain,"A student asked their tutor, ""Can you help me focus?"" The tutor replied, ""I can help you try to focus on focusing, but that's where my expertise ends.""",100,
103,en-school_learning-0103,school_learning,Tragic Textbook Tales,"A book asked another book, ""Why does every student dog-ear your pages?"" The second book sighed, ""Because I'm the only subject that actually folds under pressure.""",100,
104,en-school_learning-0104,school_learning,The Teacher's Favorite Game,"A student asked, ""Do you have a favorite student?"" The teacher smiled, ""Yes, the one asking questions after class is over—they're the ones I'll never forget.""",100,
105,en-school_learning-0105,school_learning,The Sandwich at School,A sandwich wondered why it never made straight A's. Then it realized it always got eaten before the actual lesson started.,100,
106,en-school_learning-0106,school_learning,Perfect Attendance Goal,"A student bragged about perfect attendance. Their teacher replied, ""That's beautiful. Now try perfect test scores.""",100,
107,en-school_learning-0107,school_learning,Heavy Reading Material,Why do textbooks never win arm wrestling? They're constantly carrying heavy topics that weigh them down.,100,
108,en-school_learning-0108,school_learning,The Pop Quiz Surprise,"A student asked, ""Will this be on the test?"" Teacher replied, ""No, this IS the test."" That's when ""pop quiz"" made perfect sense.",100,
109,en-school_learning-0109,school_learning,Mystery Meat Monday,What's the difference between school cafeteria food and a science experiment? One's supposed to be inedible.,100,
110,en-school_learning-0110,school_learning,The Assignment Escape Artist,"A student complained, ""I finished the assignment, but it finished me back.""",100,
111,en-school_learning-0111,school_learning,Essay Destination,Why did the essay refuse to leave the backpack? It knew it would get a failing grade in the real world.,100,
112,en-school_learning-0112,school_learning,The Bell Schedule Mystery,"A student asked, ""Why does school need so many bells?"" Teacher: ""To keep ringing in the importance of showing up on time.""",100,
113,en-school_learning-0113,school_learning,Group Work Negotiation,"When assigned partners, one student suggested, ""Let's divide the work equally: You come up with ideas, and I'll criticize them until we agree with me.""",100,
114,en-school_learning-0114,school_learning,The Museum Field Trip,Why did the history class bus never reach the museum? The driver kept stopping at roadside historical markers and reading every single one.,100,
115,en-school_learning-0115,school_learning,Recess Mathematics,"A kindergartener asked, ""Why is recess five minutes but math class feels like five hours?"" Teacher: ""That's called perspective, and you'll understand it eventually.""",100,
116,en-school_learning-0116,school_learning,The Science Experiment Outcome,"A student asked, ""Will we use this in real life?"" The science teacher answered, ""Only if real life includes passing this semester.""",100,
117,en-school_learning-0117,school_learning,The Desk Archaeology,"A student found homework from last year at the bottom of their desk. Apparently, deep cleaning is time travel.",100,
118,en-school_learning-0118,school_learning,The Cheating Observation,"A student answered a question perfectly. The teacher asked, ""Did you study?"" The student said, ""No, I just sat next to someone who did.""",100,
119,en-school_learning-0119,school_learning,Shakespeare's Problem,Why do all Shakespeare's characters have so many conflicts? None of them knew how to use a phone to resolve disagreements.,100,
120,en-school_learning-0120,school_learning,The Runaway Number,A number refused to attend math class. Police later identified it as a decimal trying to escape the base system.,100,
121,en-school_learning-0121,school_learning,The Forgotten Locker Code,A student forgot their locker combination but remembered their gaming password. Teachers decided gaming should replace math.,100,
122,en-school_learning-0122,school_learning,The Honor Roll Secret,A student made the honor roll by honor rolling their eyes at every assignment and test.,100,
123,en-school_learning-0123,school_learning,How to Be the Teacher's Pet,"A student asked the secret. The teacher replied, ""Stop barking answers out of turn and raise your hand like a civilized human being.""",100,
124,en-school_learning-0124,school_learning,The Test Tremors,"During an exam, a student's hands shook so badly their writing looked like a heart monitor reading. The teacher gave them extra credit for accurate medical documentation.",100,
125,en-school_learning-0125,school_learning,The Wildcat Mascot Mystery,Why did the school choose a wildcat? Because they needed a mascot that actually skips attendance and gets away with it.,100,
126,en-school_learning-0126,school_learning,The Food Mystery,"A student looked at the cafeteria menu and asked, ""Is this food?"" The cook replied, ""If it were art, it would get a B-minus.""",100,
127,en-school_learning-0127,school_learning,The Conference Twist,"A teacher told a parent, ""Your child asks wonderful questions."" The parent beamed. The teacher continued, ""Unfortunately, they all come during my lectures.""",100,
128,en-school_learning-0128,school_learning,The Comeback King,"A student said, ""You're so dumb."" The teacher asked, ""What's the opposite of dumb?"" The student said, ""Smart?"" Teacher: ""No, it's you yesterday before that comment.""",100,
129,en-school_learning-0129,school_learning,The Library Card Riddle,"A student asked, ""Why is it called a library card if it's not even a card?"" The librarian replied, ""Why is it called homework if it's not at home?""",100,
130,en-school_learning-0130,school_learning,The Yearbook Smile,"A student asked why yearbook photos require smiles. The photographer said, ""So in twenty years, you'll remember why you were faking it.""",100,
131,en-school_learning-0131,school_learning,The Handwriting Crisis,"A student's handwriting was so illegible, the teacher hired a translator. The translator quit after reading one sentence and declared it undecodable.",100,
132,en-school_learning-0132,school_learning,The Detention Discovery,"A student asked why detention is after school. A teacher replied, ""So we can discuss your future before you ruin it completely.""",100,
133,en-school_learning-0133,school_learning,The Open-Book Test Shock,"A student entered an open-book test feeling invincible. The book was in ""study-harder-ese,"" a language spoken only by students who actually attended class.",100,
134,en-school_learning-0134,school_learning,The School Counselor Truth,"A student said, ""School causes stress."" The counselor replied, ""That's just life, kid."" The student nodded, ""Yeah, I'm starting to see the connection.""",100,
135,en-everyday_life-0135,everyday_life,The Grocery List,"I made a shopping list with twelve items. When I got home, I had fourteen items and no memory of what I actually needed.",100,
136,en-everyday_life-0136,everyday_life,Laundry Math,Why do socks refuse to show up in the dryer? They're tired of being paired up for a living.,100,
137,en-everyday_life-0137,everyday_life,Traffic Report,My commute is twenty minutes. My drive is forty-five minutes. The remaining time I spend believing this will never happen again.,100,
138,en-everyday_life-0138,everyday_life,Stuck Jar,I spent ten minutes opening a jar yesterday. I'd like to thank my wrists for their effort and my dignity for not calling anyone for help.,100,
139,en-everyday_life-0139,everyday_life,Plants Talk,Why do I keep buying houseplants? Because occasionally ignoring a living thing really shows commitment.,100,
140,en-everyday_life-0140,everyday_life,Monday Forecast,The weather report said 30% chance of rain today. I stayed inside anyway because I do not take chances with my hair.,100,
141,en-everyday_life-0141,everyday_life,Dishwasher Detective,"I loaded the dishwasher last night. This morning I spent fifteen minutes unloading it, then realized I'd left the soap out again.",100,
142,en-everyday_life-0142,everyday_life,The Cereal Bowl,Why does my breakfast choose morning to get soggy? Because it knows I'm not alert enough to stop it.,100,
143,en-everyday_life-0143,everyday_life,Gym Membership,My fitness tracker congratulates me for walking to my mailbox. I accept this as significant progress.,100,
144,en-everyday_life-0144,everyday_life,Couch Potato,"I tried rearranging my living room furniture. Three hours later, I moved everything back. Turns out comfort beats ambition.",100,
145,en-everyday_life-0145,everyday_life,Forgotten Keys,"I locked myself out yesterday using keys I can no longer find. So either I'm trapped, or the keys moved to a better neighborhood.",100,
146,en-everyday_life-0146,everyday_life,Sweater Mystery,Where do sweater pills actually go? Nowhere. They just multiply like they're planning something.,100,
147,en-everyday_life-0147,everyday_life,Thermostat War,"I set the temperature to seventy degrees. My roommate set it to sixty-eight. We compromised at seventy-two, now we're both angry.",100,
148,en-everyday_life-0148,everyday_life,Recipe Disaster,I followed a recipe exactly. The picture showed something restaurant-worthy. What I made looked like it filed a complaint.,100,
149,en-everyday_life-0149,everyday_life,Parking Luck,"I finally found a parking spot today. It was right in front of my house, so I'd already left.",100,
150,en-everyday_life-0150,everyday_life,Battery Life,My smoke detector beeps at midnight because battery awareness works on a strict vampire schedule.,100,
151,en-everyday_life-0151,everyday_life,Greeting Card,Why do I spend forty minutes picking a greeting card for a ten-second read? Because guilt is my strongest motivator.,100,
152,en-everyday_life-0152,everyday_life,Sibling Chat,"My sibling called to catch up. Forty minutes later, we'd discussed mostly weather and what we'd eaten.",100,
153,en-everyday_life-0153,everyday_life,Mirror Foggy,The bathroom mirror fogs up whenever I have something important to do. It's like humidity knows my schedule.,100,
154,en-everyday_life-0154,everyday_life,Morning Alarm,I set five alarms yesterday. I dismissed all five while sleeping. My brain has betrayal figured out.,100,
155,en-everyday_life-0155,everyday_life,Box Collector,"I keep every cardboard box thinking I'll use it someday. Spoiler: that day never comes, but I save them anyway.",100,
156,en-everyday_life-0156,everyday_life,Recipe Conversion,"Why do cooking show portions feed eight people but my attempt barely serves two? Different definitions of serving, apparently.",100,
157,en-everyday_life-0157,everyday_life,Closet Choice,I own thirty shirts and wear the same five. The others are there in case I become braver.,100,
158,en-everyday_life-0158,everyday_life,Coupon Logic,I cut coupons to save money. I bought items I didn't need because I had coupons for them. The math failed.,100,
159,en-everyday_life-0159,everyday_life,Neighbor's Lawn,"My neighbor's grass is always perfect. I waved at him once. He checked his lawn after, like I'd insulted it.",100,
160,en-everyday_life-0160,everyday_life,Haircut Awkward,Why is there always awkward silence at the barber except when I'm eating? Because timing knows what it's doing.,100,
161,en-everyday_life-0161,everyday_life,Package Paranoia,I ordered something online. It said two-day delivery. I checked tracking every three hours like speed was my concern.,100,
162,en-everyday_life-0162,everyday_life,Laundry Temperature,"I wash everything in cold water now. Not for the environment, but because I can't remember which reds bleed.",100,
163,en-everyday_life-0163,everyday_life,Yoga Flexibility,I tried yoga to be flexible. I learned I'm flexible with excuses but not my hamstrings.,100,
164,en-everyday_life-0164,everyday_life,Bill Folder,I created a filing system for bills. I never use it. They live in a magical pile by the couch.,100,
165,en-everyday_life-0165,everyday_life,Weekend Productivity,"I plan every Saturday to get things done. By Monday, my biggest accomplishment was deciding between two snacks.",100,
166,en-everyday_life-0166,everyday_life,Bedtime Routine,I need to sleep early. Instead I'm here at midnight watching a documentary about something I'll forget immediately.,100,
167,en-everyday_life-0167,everyday_life,Homework Flashback,I saw my old textbooks and felt stressed. I don't even go to school anymore.,100,
168,en-everyday_life-0168,everyday_life,Parking Validation,Why does parking validation feel like getting five dollars? Because free parking is the closest most of us get to winning anything.,100,
169,en-everyday_life-0169,everyday_life,Thermostat Mystery,"I forgot to turn off the heat before leaving. I'm choosing to believe it's keeping my house warm for my return, not raising my bill.",100,
170,en-everyday_life-0170,everyday_life,Morning Shower,"The shower temperature is either boiling or arctic. There's no middle setting, and I shower with my eyes closed hoping to avoid scalding.",100,
171,en-everyday_life-0171,everyday_life,Instant Noodle,"Why do instant noodles take seven minutes when they're called ""instant""? False advertising keeps them humble.",100,
172,en-everyday_life-0172,everyday_life,Kitchen Experiment,I tried a new cooking technique yesterday. I'll be ordering takeout for a week while I recover my faith in myself.,100,
173,en-everyday_life-0173,everyday_life,Phone Storage,"My phone told me it's out of storage. I deleted one photo. It still says storage is full. Phones lie, apparently.",100,
174,en-everyday_life-0174,everyday_life,Time Management,"I gave myself one hour to get ready. I spent it deciding what to wear, and left in what I was already wearing.",100,
175,en-everyday_life-0175,everyday_life,Greeting Awkward,Why does the same greeting person seem shorter when you see them twice in one day? Because you're both avoiding eye contact.,100,
176,en-everyday_life-0176,everyday_life,Waiting Room,"I arrived at my appointment five minutes late. The waiting room sign said ""Please arrive early."" I'm disappointed in both of us.",100,
177,en-everyday_life-0177,everyday_life,Grocery Store,"I needed milk. I left with milk, three other items, and buyer's remorse.",100,
178,en-everyday_life-0178,everyday_life,Recipe Confidence,"I saw a recipe marked ""simple."" I spent an hour and still couldn't identify what I made.",100,
179,en-everyday_life-0179,everyday_life,Plant Water,I watered my plant yesterday. I watered it today because I forgot I watered it yesterday.,100,
180,en-everyday_life-0180,everyday_life,Dust Bunnies,Why do dust bunnies under my bed form colonies? Because they know I won't look under there.,100,
181,en-everyday_life-0181,everyday_life,Coffee Repeat,I made coffee twice this morning because I forgot I already made it. This is progress—yesterday I made it three times.,100,
182,en-animals-0182,animals,The Strawberry Trick,Why did the elephant paint his toenails red? So he could hide in the strawberry patch.,100,
183,en-animals-0183,animals,Cow Agreement,"Two cows stood in a field. One said ""Moo."" The other replied ""I was going to say that too.""",100,
184,en-animals-0184,animals,Grasshopper Named Steve,"A grasshopper hopped into a bar. The bartender said ""We have a drink named after you!"" The grasshopper looked confused and asked ""You have a drink called Steve?""",100,
185,en-animals-0185,animals,Free Flight,Birds are the only animals that never have to pay for airfare.,100,
186,en-animals-0186,animals,Bull Nap,What do you call a sleeping bull? A dozer.,100,
187,en-animals-0187,animals,Duck Pharmacy,Why did the duck walk into the pharmacy? He needed something for his bill.,100,
188,en-animals-0188,animals,Penguin Warmth,Why do penguins never get cold? They're always in their formal wear.,100,
189,en-animals-0189,animals,Lion Librarian,What do you call a lion who works in a library? A page turner.,100,
190,en-animals-0190,animals,Spider Investor,Why do spiders do well on the stock market? They specialize in web design portfolios.,100,
191,en-animals-0191,animals,Parrot Pirate,What do you call a parrot that belongs to a pirate? A cracker.,100,
192,en-animals-0192,animals,Fish Academics,Why do fish never pass their classes? They always swim in over their heads.,100,
193,en-animals-0193,animals,Bear Restaurant,"A bear walked into a restaurant and told the waiter ""I need a moment to paws and think.""",100,
194,en-animals-0194,animals,Chicken Witness Protection,Why did the chicken cross the road? It witnessed a crime and entered the relocation program.,100,
195,en-animals-0195,animals,Giraffe Gym,"A giraffe went to a personal trainer who said ""You're already ahead of the competition.""",100,
196,en-animals-0196,animals,Kangaroo Energy,Why don't kangaroos ever feel tired? They're always bouncing back from setbacks.,100,
197,en-animals-0197,animals,Dolphin Wisdom,Dolphins are so smart they practice what they preach. Sometimes literally. Underwater.,100,
198,en-animals-0198,animals,Squirrel Emergency Fund,Why are squirrels never broke? They always have savings for the winter.,100,
199,en-animals-0199,animals,Owl Questions,"Why do owls keep asking ""Who?"" They want to make sure you're still paying attention.",100,
200,en-animals-0200,animals,Zebra Bald Spot,Why will a zebra never go bald? Because it already has built-in stripes for every season.,100,
201,en-animals-0201,animals,Turtle Timing,A turtle joined a race last month and just finished first place today. He's very thorough with his training regimen.,100,
202,en-animals-0202,animals,Raccoon Card Game,What's a raccoon's favorite poker hand? A mask.,100,
203,en-animals-0203,animals,Ant Isolation,Why do ants never feel lonely? Because they live in a massive colony and someone's always bothering them.,100,
204,en-animals-0204,animals,Bee Employment,A bee quit his job because the workplace had poor conditions and the pay wasn't bringing home enough honey.,100,
205,en-animals-0205,animals,Sheep Insomnia Cure,Why do sheep never have sleeping problems? Because people use them as a pillow every single night.,100,
206,en-animals-0206,animals,Deer Spots,"Two deer stood in the road. One said ""I think a car is coming."" The other said ""Yeah, I'm seeing spots too.""",100,
207,en-animals-0207,animals,Snake Education,Why did the snake enroll in history class? He wanted to improve his hiss-tory knowledge.,100,
208,en-animals-0208,animals,Frog Diet,"A frog saw a fly pass by and didn't eat it. His friend asked ""Why not?"" The frog said ""I'm watching my weight. Flies add up quickly.""",100,
209,en-animals-0209,animals,Whale Small Talk,"A whale and a goldfish met. The goldfish said ""You're enormous."" The whale replied ""Thanks, I mostly just float around and look impressive.""",100,
210,en-animals-0210,animals,Cheetah Card Player,Why do cheetahs always lose at poker? Because they get spotted too easily.,100,
211,en-animals-0211,animals,Flamingo Yoga,"A flamingo took a yoga class and the instructor said ""Perfect, you're already mastering the poses.""",100,
212,en-animals-0212,animals,Hippo Comedy,"A hippopotamus tried stand-up comedy. He said ""At least I can shut my mouth when jokes don't land.""",100,
213,en-animals-0213,animals,Sloth Urgent,"A sloth got a job at the post office. His boss said ""You need to hurry."" The sloth replied ""I'll get around to it.""",100,
214,en-animals-0214,animals,Panda Restaurant,"A panda opened a restaurant that only served one menu item. A critic asked why. The panda said ""I only know how to cook what I eat.""",100,
215,en-animals-0215,animals,Otter Genius,"An otter earned a PhD in marine biology. His dissertation was called ""Water You Still Asking For?""",100,
216,en-animals-0216,animals,Hedgehog Straightforward,"A hedgehog wondered if he was actually sharp or just prickly on the outside, so he tried taking his spines out to check.",100,
217,en-animals-0217,animals,Porcupine Hugs,"A porcupine put up a ""Free Hugs"" sign and waited. He's still hoping someone stops by.",100,
218,en-animals-0218,animals,Koala Circus,"Why don't koalas ever join circuses? They're not technically bears, and also they'd get confused by all the activity.",100,
219,en-animals-0219,animals,Skunk Perfume Job,"A skunk interviewed for a job at a fragrance company. The hiring manager said ""You're overqualified, but your references all stink.""",100,
220,en-animals-0220,animals,Tapir Flexibility,"A tapir joined a yoga class. The instructor asked ""Can you touch your toes?"" The tapir said ""Only mine. I can't reach anyone else's.""",100,
221,en-animals-0221,animals,Alligator Smile,"An alligator visited his dentist who said ""Your teeth are magnificent."" The alligator grinned and said ""Thanks, I've been practicing to look friendlier.""",100,
222,en-animals-0222,animals,Eagle Landing,"An eagle asked his friend ""How do you land so gracefully?"" The friend said ""Easy, I just look majestic while gravity does the work.""",100,
223,en-animals-0223,animals,Gorilla Intimidating,"A gorilla joined a gym to work on his image. He told his trainer ""These muscles make me seem too scary. I want to look friendlier.""",100,
224,en-animals-0224,animals,Badger Underdog,"A badger signed up for boxing classes. The trainer said ""You're too small."" The badger replied ""Size doesn't matter when you're scrappy.""",100,
225,en-animals-0225,animals,Lynx Patience,"A lynx and a mouse had a staring contest for three hours. The mouse blinked first and said ""Come on!"" The lynx said ""I have nowhere else to be.""",100,
226,en-animals-0226,animals,Lemur Dancing,A lemur won a dance competition without learning a single move. Apparently the judges decided that a striped tail was rhythmic enough.,100,
227,en-animals-0227,animals,Pelican Grocery,A pelican opened a grocery store using his pouch as the shopping cart system. Business boomed until health inspectors asked questions.,100,
228,en-food-0228,food,Potato Loyalty,"Why are potatoes the most dependable friends? They always show up—mashed, baked, boiled, or fried, no matter how you treat them.",100,
229,en-food-0229,food,Sushi Raw Honesty,"I told my sushi roll it was being raw with me. It said, ""That's literally my whole identity. What did you expect?""",100,
230,en-food-0230,food,Coffee Morning Truth,"A coffee mug told the kitchen, ""People see me before they'll talk to anyone else."" The kitchen said, ""That's not love—that's addiction.""",100,
231,en-food-0231,food,Bread Ambition,Why did the loaf quit? It was tired of being stuck and wanted to finally rise to something bigger.,100,
232,en-food-0232,food,Restaurant Timing,"I made a 7 PM reservation and arrived at 7:30. I asked how long. The host said, ""You're almost ready."" I said, ""I was ready when I arrived.""",100,
233,en-food-0233,food,Cereal Pressure,Why did my cereal and I stop being friends? It got too soft under pressure and lost its crunch.,100,
234,en-food-0234,food,Garlic's Reputation,"Why isn't garlic invited to parties? Because it's amazing, but everyone remembers it for way too long afterward.",100,
235,en-food-0235,food,Frying Pan Coach,"Why did the frying pan become a life coach? It kept saying, ""You need to get heated to transform.""",100,
236,en-food-0236,food,Meter Parking,I parked at a two-hour meter for lunch and realized I was literally paying for time—something restaurants never charge for.,100,
237,en-food-0237,food,Olive Sacrifice,"An olive told its martini, ""Does anyone appreciate me?"" The martini said, ""You'd be amazed what people will do when thirsty.""",100,
238,en-food-0238,food,Candle Purpose,"Candles asked the cake, ""Why do we have to burn?"" The cake said, ""Because my best moments are worth the heat.""",100,
239,en-food-0239,food,Donut Philosophy,Why are donuts always positive? Because they've learned to embrace their holes as part of their wholeness.,100,
240,en-food-0240,food,Plate's Career,"I dropped a plate and it said, ""There goes my career."" I said, ""You're a plate."" It said, ""Exactly—I had one job.""",100,
241,en-food-0241,food,Spaghetti Tangles,"Spaghetti asked the colander, ""Why make things complicated?"" The colander said, ""Because your life is a mess and someone needs to drain it.""",100,
242,en-food-0242,food,Fork's Burden,"A fork complained to the spoon, ""Why do I get hard work?"" The spoon said, ""Because I handle things delicately—you need to be sharp.""",100,
243,en-food-0243,food,Tomato Blush,Why did the tomato turn red at the salad bar? Because the dressing was about to reveal all its insecurities.,100,
244,en-food-0244,food,Milk's Identity,"A glass of milk asked, ""Am I supposed to be a drink or ingredient?"" The fridge said, ""Both. You're living in ambiguity.""",100,
245,en-food-0245,food,Bean Value,"A bean asked the accountant, ""Why count us?"" The accountant said, ""Individually small, but collectively? You're invaluable.""",100,
246,en-food-0246,food,Chocolate Gym,"A chocolate bar walked into a gym. The trainer asked, ""Are you here to work out?"" It said, ""No, here to prove I don't belong.""",100,
247,en-food-0247,food,Knife's Edge,"A knife asked the fork, ""Why do you get respect?"" The fork said, ""I know when to step back. You always make the cut.""",100,
248,en-food-0248,food,Cooking Show Truth,"The TV chef said, ""This is so easy!"" I tried it. My smoke alarm said, ""This is definitely not easy.""",100,
249,en-food-0249,food,Reservation Names,"I asked why restaurants need my name for reservations. The host said, ""So we know who's running late.""",100,
250,en-food-0250,food,Sauce Escape,"A sauce jar asked its lid, ""Why won't you set me free?"" The lid said, ""Because you'd oxidize the moment I do.""",100,
251,en-food-0251,food,Dessert Strategy,Why does dessert come last? Because you're too satisfied to care about calories by then.,100,
252,en-food-0252,food,Procrastination Timer,My cooking timer went off three times before I realized—I was just procrastinating with sound effects.,100,
253,en-food-0253,food,Spice Debate,"I made spicy food. My friend said it was mild. I said, ""Your tolerance is concerning."" They said, ""Your cooking is concerning.""",100,
254,en-food-0254,food,Oven Intensity,"The microwave asked the oven, ""Why are you always intense?"" The oven said, ""Things that matter take time. I don't rush.""",100,
255,en-food-0255,food,Blender Smoothness,"A blender asked the food processor, ""Why are you fancier?"" The processor said, ""Because I'm smoother with my work.""",100,
256,en-food-0256,food,Cooking Class Heat,Why did I drop out of cooking class? I couldn't handle the pressure—the oven was at 450 degrees.,100,
257,en-food-0257,food,Barbecue Arguments,"Why do barbecues become arguments? Because nothing makes people more defensive than being asked, ""How do you like your meat?""",100,
258,en-food-0258,food,Frozen Dinner Truth,"Why do frozen dinners never apologize? They're cold, don't care, and taste decent in the dark while eating alone.",100,
259,en-food-0259,food,Farmer's Complaint,"A farmer asked why his veggies wouldn't sell. I said, ""You keep telling people they taste like dirt.""",100,
260,en-food-0260,food,Dinner Bravery,"I brought a dish to a party. Someone said, ""That was brave."" I realized my cooking had become an act of courage.",100,
261,en-food-0261,food,Steak Temperature,"The waiter asked how I wanted my steak. I said, ""Surprised it's this good."" He said, ""That's not a temperature.""",100,
262,en-food-0262,food,Napkin Etiquette,Why did the napkin need etiquette class? To understand its place—which is wiping your mistakes.,100,
263,en-food-0263,food,Cooking Mutiny,Why did the ingredients strike? Working conditions were terrible—literally on fire half the time.,100,
264,en-food-0264,food,Cupboard Truth,"A cupboard asked why it only held dishes. I said, ""Because you've never offered anything worth keeping.""",100,
265,en-food-0265,food,Leftover Rebirth,"Why did leftovers feel reborn? Because after microwaving, they became something entirely different with a new identity.",100,
266,en-food-0266,food,Cookbook Timing,"A cookbook promised a gourmet meal in 30 minutes. After cooking, I realized that was the eating time, not the cooking time.",100,
267,en-food-0267,food,Recipe Failure,Why did my dish fail despite following the recipe? I forgot the secret ingredient—talent.,100,
268,en-food-0268,food,Fork Loneliness,Why did the fork feel excluded? The knife and spoon had their sharp-and-smooth dynamic. The fork was just... there.,100,
269,en-food-0269,food,Stomach Logic,"My stomach asked why my brain ignored its requests. My brain said, ""Because you're too emotional—you complain about everything.""",100,
270,en-food-0270,food,Comfort Food,Why do comfort foods bring back childhood memories? They're the only consistent thing in an inconsistent world to remember clearly.,100,
271,en-workplace-0271,workplace,The Meeting That Never Ends,"My boss scheduled a 30-minute meeting. Three hours later, I realized I'd left my body there but my soul checked out at the 45-minute mark.",100,
272,en-workplace-0272,workplace,Remote Work Reality,Working from home sounded ideal until I realized my cat now qualifies as my primary coworker. He still hasn't responded to a single email.,100,
273,en-workplace-0273,workplace,Email Regret,"I meant to send a message to my friend saying ""This meeting is pointless."" Instead, it went to the entire team. Now I'm the guy who accidentally told the truth.",100,
274,en-workplace-0274,workplace,Caps Lock Chaos,"My coworker sent an angry message entirely in caps. Midway through, their caps lock broke. It went from FURIOUS to fUrIoUs. Nobody took it seriously.",100,
275,en-workplace-0275,workplace,Room Booking Roulette,Booking a conference room takes strategy and timing. I've started treating the calendar like a game of Tetris where everyone loses.,100,
276,en-workplace-0276,workplace,Mute Button Mystery,"During a team call, my manager kept talking while muted. He spoke for five minutes before realizing nobody heard him. Awkward silence at 60 FPS.",100,
277,en-workplace-0277,workplace,Motivational Succulents,I bought a plant to make my desk cheerful. It died within a week. It's basically my career trajectory in botanical form.,100,
278,en-workplace-0278,workplace,Coffee Meeting Hours,"We spent an hour discussing where to buy better office coffee. The coffee is still terrible, and the hour is still gone forever.",100,
279,en-workplace-0279,workplace,Org Chart Confusion,"My company reorganized three times this year. I'm not sure if I'm a manager, an individual contributor, or just someone who shows up to calls.",100,
280,en-workplace-0280,workplace,Slack Status Creativity,"Nobody believes ""In a meeting"" anymore. I've started using ""Briefly deceased"" and somehow I get fewer interruptions.",100,
281,en-workplace-0281,workplace,The Three-Week Email,"My boss asked me to send an email two weeks ago. I finally sent it yesterday. His response: ""This was urgent."" Time is officially negotiable.",100,
282,en-workplace-0282,workplace,Loud Cubicle Neighbor,My desk neighbor laughs at his own jokes before delivering the punchline. I can't tell if he's entertained or just lonely.,100,
283,en-workplace-0283,workplace,Computer Equipment Reality,"My work laptop is held together by optimism and stickers. IT says it's ""still supported,"" which means they've stopped paying attention.",100,
284,en-workplace-0284,workplace,Presentation Preparation Failure,"I practiced my presentation 30 times. Walked in, forgot everything, winged it anyway. Turns out practice and confidence are different things.",100,
285,en-workplace-0285,workplace,Feedback Paradox,"My manager said I ""speak up too much in meetings"" and asked me to elaborate. The irony was lost on him completely.",100,
286,en-workplace-0286,workplace,Expense Report Economics,"I spent 45 minutes documenting a $9 lunch for reimbursement. The process took three weeks. Clearly, time has no value.",100,
287,en-workplace-0287,workplace,Zoom Background Fiction,My boss uses a beach office background. He's actually in his garage. It's the most committed lie I've witnessed professionally.,100,
288,en-workplace-0288,workplace,Keyboard Muscle Memory,"I tried to Ctrl+Z after spilling coffee on important documents. It didn't work. Real life has no undo button, unfortunately.",100,
289,en-workplace-0289,workplace,Reply-All Avalanche,"Someone replied to a company-wide email with ""Please remove me."" Two hundred people replied-all saying the same thing. IT surrendered.",100,
290,en-workplace-0290,workplace,Internet Reliability,My video calls freeze exactly when I'm making a point. My neighbor's Wi-Fi works better in my apartment than my own internet.,100,
291,en-workplace-0291,workplace,Snack Bowl Rules,"The office has a ""free snack bowl"" with unspoken rules. I've apparently violated them by taking three pretzels instead of two.",100,
292,en-workplace-0292,workplace,Status Report Length,"I wrote about my work for longer than I actually worked. Productivity is measured in documentation, not results.",100,
293,en-workplace-0293,workplace,Job Title Inflation,"My coworker became a ""Strategic Integration Specialist."" I asked what she does. She shrugged. The title has more syllables than her job description.",100,
294,en-workplace-0294,workplace,Open Office Philosophy,"Management removed all private offices for ""collaboration."" Everyone now works from home anyway. Mission accomplished.",100,
295,en-workplace-0295,workplace,Inspirational Vandalism,"Someone put ""You're Doing Great!"" posters everywhere. Sticky notes now cover them saying ""This is a lie."" The office has spoken.",100,
296,en-workplace-0296,workplace,Training Time Sink,I completed a time management training that took longer than any project I managed. Irony: maximum.,100,
297,en-workplace-0297,workplace,Work From Home Proof,My manager asked for photos of my home office. My cat is now the official verification I'm working. She's unimpressed.,100,
298,en-workplace-0298,workplace,Budget Mystery,"We had a budget meeting where everyone nodded at a spreadsheet they didn't understand. The CFO said ""synergy"" and we all moved on.",100,
299,en-workplace-0299,workplace,Lunch Break Math,"Thirty-minute lunch: twenty spent deciding where to eat, eight spent eating, two spent regretting. Peak time management.",100,
300,en-workplace-0300,workplace,Printer Situation,The office printer broke again. It's printing in random colors now. We've accepted our fate like it's 1992.,100,
301,en-workplace-0301,workplace,Call Snacking,Someone is loudly eating chips during a conference call. Everyone hears it. Nobody stops it. This is our life.,100,
302,en-workplace-0302,workplace,Parking Lot Logic,Office parking costs $200 a month. I park down the street and call it my exercise routine. Allegedly a win-win.,100,
303,en-workplace-0303,workplace,Casual Friday Confusion,Casual Friday means jeans. Management wears full business attire anyway. Dress codes are about asserting power.,100,
304,en-workplace-0304,workplace,Desk Habits,My coworker clips their nails at their desk. I've given up trying to understand workplace hygiene standards.,100,
305,en-workplace-0305,workplace,Email Signature Epics,"My boss's email signature is longer than most emails. It lists credentials, his life philosophy, and his preferred lunch order.",100,
306,en-workplace-0306,workplace,Microwave Incident,Someone microwaved fish yesterday. The smell achieved sentience and started a Slack channel. We lost this office.,100,
307,en-workplace-0307,workplace,Workplace Bingo,I made bingo cards from corporate phrases. I won in four meetings. There's definitely a pattern in our culture.,100,
308,en-workplace-0308,workplace,Zoom Camera Confusion,"Someone asked ""Can you see me?"" for ten minutes while their camera was off. Nobody had the heart to tell them. Politeness is powerful.",100,
309,en-workplace-0309,workplace,Fake Productivity,"I look busy by spreading tasks across multiple windows and wearing headphones. It's 90% theater, 10% actual work.",100,
310,en-workplace-0310,workplace,Meeting About Meetings,We scheduled a meeting to plan the meeting where we'd schedule the actual meeting. I've lost all purpose.,100,
311,en-workplace-0311,workplace,Split-Screen Fashion,Video call on top: blazer and professionalism. Bottom half: sweatpants and regret. Hybrid work is a costume party.,100,
312,en-workplace-0312,workplace,Email Inbox Forever,"I cleared my inbox once. Two minutes later, 15 new emails arrived. I've accepted this is my eternal punishment.",100,
313,en-workplace-0313,workplace,Poster Correction,"Someone edited the ""There is no I in team"" poster. An I now appears in red. Management didn't appreciate the grammar lesson.",100,
314,en-workplace-0314,workplace,Standing Desk Smugness,"My boss got a standing desk to ""boost productivity."" He still sends the same emails, just vertically. His posture improved; his output didn't.",100,
315,en-workplace-0315,workplace,Daily Standup Reality,"Everyone reports what they're doing and what's next. ""Still doing stuff from last week"" is a valid status update apparently.",100,
316,en-workplace-0316,workplace,Vague Mentorship,"My mentor told me to ""network more"" and ""think bigger."" This is inspiring but completely meaningless. I nodded seriously.",100,
317,en-workplace-0317,workplace,Reorganization Warning,"The moment I hear ""strategic alignment,"" a reorganization is coming. It's the organizational hurricane warning system.",100,
318,en-workplace-0318,workplace,Ambition Recalibration,I'm not looking for promotions anymore; I'm looking for peace. My new goal is showing up quietly and leaving quietly.,100,
319,en-workplace-0319,workplace,Annual Review Contradiction,"Boss: ""You exceeded expectations."" Also the raise: 2%. Inflation didn't get the memo about my excellence.",100,
320,en-mini_story-0320,mini_story,The Magician's Assistant,"A magician hired an assistant who asked, ""How do you make people disappear?"" The magician said, ""Easy—I'll hire another assistant."" By next week, he had seventeen assistants and no magic tricks left.",100,
321,en-mini_story-0321,mini_story,Honest Insurance,"My insurance company called to see if I'd been in any accidents. I said, ""No, thank goodness."" They said, ""Great, we can cancel your policy."" Apparently staying safe is a deal-breaker.",100,
322,en-mini_story-0322,mini_story,Elevator Honesty,"Two lawyers entered an elevator together. One asked, ""Do you ever go to the gym?"" The other said, ""No, the treadmill keeps asking where I'm going and what for—I don't need that at the courthouse too.""",100,
323,en-mini_story-0323,mini_story,The Philosopher's Landlord,"A philosopher told his landlord he'd prove rent was optional using pure logic. The landlord said, ""Fine, I'll use pure logic to evict you."" The philosopher couldn't argue against proof by removal.",100,
324,en-mini_story-0324,mini_story,Reverse Psychology Pet,"I told my goldfish not to look at me. He immediately stared intensely. Now he's the only pet I have who makes eye contact, and it's deeply unsettling.",100,
325,en-mini_story-0325,mini_story,Coffee Shop Negotiation,"A barista asked if I wanted my coffee hot or iced. I said, ""Surprise me."" He charged me extra for the surprise and gave me room-temperature coffee. I've never been so impressed by malicious compliance.",100,
326,en-mini_story-0326,mini_story,The Grammar Police Backfires,"My friend corrected my grammar at dinner and said, ""The word is 'whom,' not 'who.'"" I said, ""Whom cares?"" He sat in stunned silence for the rest of the meal.",100,
327,en-mini_story-0327,mini_story,Fortune Cookie Truth,"I opened a fortune cookie that said, ""Help, I'm trapped in a fortune cookie factory."" I checked the next twenty cookies. They all said different things, which somehow made the first message more credible.",100,
328,en-mini_story-0328,mini_story,Lost and Found Logic,"A man asked a librarian, ""Do you have any books on paranoia?"" She whispered, ""They were here, but someone keeps moving them."" He nodded, unsurprised.",100,
329,en-mini_story-0329,mini_story,Fitness Tracker Betrayal,My fitness tracker congratulated me on ten thousand steps. I checked and discovered I'd been pacing nervously while on hold with the cable company for two hours. Technology celebrates our desperation.,100,
330,en-mini_story-0330,mini_story,Reverse Alarm Clock,"I set my alarm for 6 AM to be productive. It went off once, then never again—apparently it quit after one day of thankless work. My phone understands labor rights better than most employers.",100,
331,en-mini_story-0331,mini_story,The Restaurant Prophecy,"A waiter asked how the food was before I'd even taken a bite. I said, ""Give it a minute."" He replied, ""I'm not asking—I'm warning you."" That's when I realized I was dining at an honest restaurant.",100,
332,en-mini_story-0332,mini_story,Motivation Through Cruelty,"My coach said, ""That was terrible,"" after I jogged one mile. I said, ""I thought you were motivating me?"" He said, ""I am—this is day one of you proving me wrong."" It somehow worked.",100,
333,en-mini_story-0333,mini_story,The Honest Car Salesman,"A car salesman said, ""This vehicle gets ten miles per gallon and makes weird noises."" I asked, ""Why are you telling me the truth?"" He said, ""It's my last day—might as well leave a legacy of honesty."" I bought it out of respect.",100,
334,en-mini_story-0334,mini_story,Museum Painting Incident,"I stared at an abstract painting for three minutes, analyzing its meaning. A child asked, ""Is it broken?"" I realized I'd been overthinking the janitor's mop bucket.",100,
335,en-mini_story-0335,mini_story,The Compliment Trap,"My boss said, ""You're doing a great job."" The next day, my workload tripled. Apparently ""great job"" is middle management for ""you can handle more."" I've learned to accept mediocrity defensively.",100,
336,en-mini_story-0336,mini_story,Existential Laundry,I checked my pockets before washing my pants and found a receipt from 2019. I realized I'd been wearing the same fear of losing a crumpled paper longer than most relationships. Laundry forced philosophy upon me.,100,
337,en-mini_story-0337,mini_story,The Referee's Honesty,"I asked a sports referee if his whistle actually worked. He said, ""Yes, but I use it to point out obvious mistakes that nobody else wants to acknowledge."" He was the most respected official in the league.",100,
338,en-mini_story-0338,mini_story,The Broken ATM,"An ATM said, ""Insufficient funds,"" and I thought it was just referring to my bank account. Turns out it needed service too—apparently even machines can give up.",100,
339,en-mini_story-0339,mini_story,Productivity Hack Failure,"I tried the Pomodoro Technique with a timer. I worked for twenty-five minutes, then took a five-minute break where I refreshed my email eight times. So I've optimized procrastination into intervals.",100,
340,en-mini_story-0340,mini_story,The Fortune Teller's Gambit,"A fortune teller told me my future was unclear. I said, ""You're supposed to be psychic."" She said, ""That's literally what unclear means."" I paid her anyway because I respected the honesty.",100,
341,en-mini_story-0341,mini_story,Plant Parent Reality,"My plant died, so I bought a cactus and said, ""This one won't require feelings."" It died too, and I realized even cacti have more resilience than my motivation.",100,
342,en-mini_story-0342,mini_story,The Honest Lawyer,"A lawyer said his retainer would cost five thousand dollars. I asked, ""What exactly will you do?"" He said, ""Respond to emails slowly and charge you by the minute for it."" At least he was transparent about the business model.",100,
343,en-mini_story-0343,mini_story,Speed Dating Shortcut,"At a speed dating event, a woman asked, ""What do you do?"" I said, ""Judge people based on six minutes of conversation."" She said, ""Oh good, we're both here for the same reason,"" and we both left early. Honesty ended that quickly.",100,
344,en-mini_story-0344,mini_story,Autocorrect Betrayal,"My phone autocorrected ""I love you"" to ""I love ewe."" My partner thought I called them a sheep, but honestly, the correction improved our relationship by making everything funny now.",100,
345,en-mini_story-0345,mini_story,The Broken Compass,I bought a compass for hiking. It pointed randomly in all directions until I realized it was just confused like me. We were perfect companions.,100,
346,en-mini_story-0346,mini_story,Customer Service Honesty,"A customer service representative said, ""This will be the worst call of your day."" I said, ""That's not reassuring."" He said, ""Neither is your problem, but we're both going to try anyway."" We became friends afterward.",100,
347,en-mini_story-0347,mini_story,Book Club Betrayal,"My book club voted unanimously to read a new novel. I asked what won, and they said they hadn't even picked one yet. We'd been meeting for three months to complain about not reading anything together.",100,
348,en-mini_story-0348,mini_story,The Broken Scale,My bathroom scale said I gained ten pounds overnight. I checked a different scale and it said I lost five. Now I have two conflicting truths and no motivation to find a third scale.,100,
349,en-mini_story-0349,mini_story,Parking Spot Philosophy,"An elderly man took the parking spot I was waiting for. I honked, and he gestured me over to say, ""At my age, every spot might be my last one—let me have this victory."" I parked elsewhere and thought about mortality.",100,
350,en-mini_story-0350,mini_story,The Honest Realtor,"A realtor showed me a house and said, ""This one has character—by which I mean structural problems."" I appreciated the vocabulary clarification more than the property itself.",100,
351,en-mini_story-0351,mini_story,The Broken Umbrella,"My umbrella broke in the rain, making it useless for its only job. I realized umbrellas and I have a lot in common—built for one purpose and failing spectacularly at it.",100,
352,en-mini_story-0352,mini_story,Reverse Compliment,"A coworker said, ""You're so quiet in meetings."" I said, ""Is that a problem?"" He said, ""No, you're the only one actually listening."" Silence became my greatest asset.",100,
353,en-mini_story-0353,mini_story,The Motivation Speaker's Truth,"A motivational speaker said, ""You can do anything you set your mind to."" I set my mind to taking a nap, and it worked perfectly. He didn't update his slides after that.",100,
354,en-mini_story-0354,mini_story,Feedback Loop Failure,"My manager asked for feedback on her management style. I gave constructive criticism, and now I'm on every committee no one wants to join. Honesty has consequences.",100,
355,en-mini_story-0355,mini_story,Grocery Store Confession,"I returned to the store because I forgot something. The cashier said, ""Let me guess—you remembered after putting everything in your car?"" I said, ""How did you know?"" He said, ""You're the third person today. We're all just living out our worst habits.""",100,
356,en-mini_story-0356,mini_story,The Broken Phone,"My phone kept freezing during important calls. I upgraded to a new phone, which just freezes at different times. Technology's consistency is choosing when to betray you equally.",100,
357,en-mini_story-0357,mini_story,Social Media Honesty,"I posted a photo saying I was ""living my best life."" Later I realized I'd posted from my bed at noon on a Tuesday wearing the same shirt as yesterday. Curated lives are curated lies.",100,
358,en-mini_story-0358,mini_story,Plant Resurrection Lie,"I told my friend I kept a plant alive for six months. She saw it on my bookshelf, brown and brittle. I said, ""I didn't say it was alive now."" Success has a timeline.",100,
359,en-mini_story-0359,mini_story,The Honest Mirror,"I looked in the mirror expecting disappointment. For once, I got what I expected. At least my mirror doesn't sugarcoat things, even if nothing else in my life is that honest.",100,
360,en-tech_programming-0360,tech_programming,Code Comments,"I found a comment in our codebase that just said ""lol good luck."" Turns out it was from three developers ago, and we all needed it.",100,
361,en-mini_story-0361,mini_story,The Honest Restaurant,"My friend opened a restaurant famous for brutal honesty. A customer asked if the soup was homemade, and the waiter said, ""No, we microwaved it from a can."" The restaurant closed within a month. Turns out people don't want the truth—they want to believe they're paying for something special.",100,
362,en-dialogue-0362,dialogue,The Gym Trainer,"A trainer asks a new client, ""What's your goal?"" The client says, ""I want to look fit."" The trainer nods. ""And how often do you exercise?"" ""Every day,"" the client says. ""I come here to shower.""",100,
363,en-dialogue-0363,dialogue,The Magician,"A magician tells his assistant, ""I'll saw you in half."" The assistant asks, ""Won't that hurt?"" ""Only if you're part-time.""",100,
364,en-dialogue-0364,dialogue,The Astronomer,"An astronomer's friend asks, ""What discoveries have you made?"" ""Well,"" he says, ""I found a star."" ""That's amazing!"" ""Not really. I had to name it J2043-7034. Still mad about it.""",100,
365,en-dialogue-0365,dialogue,The Job Interview,"An interviewer asks a candidate, ""Why do you want to work here?"" The candidate says, ""The website said you're hiring."" The interviewer pauses. ""That's the most honest answer I've heard all day.""",100,
366,en-dialogue-0366,dialogue,The Book Club,"A woman says, ""I didn't finish the book."" Her friend asks why. ""It's due back tomorrow and I assumed we wouldn't discuss it until next week.""",100,
367,en-dialogue-0367,dialogue,The Closing Restaurant,"A chef's restaurant is shutting down. A rival asks, ""What's your secret?"" The chef says, ""Triple the price, half the portion."" ""That's not a secret—that's a strategy."" ""Exactly. And I'm tired of it.""",100,
368,en-dialogue-0368,dialogue,The Multilingual Linguist,"A linguist says, ""I speak seven languages."" His friend says, ""Wow!"" ""Not really,"" he says. ""I understand three of them.""",100,
369,en-dialogue-0369,dialogue,The Lost Driver,"A driver asks a cop, ""Where am I?"" The cop says, ""On Fifth Street."" The driver asks, ""Where's Fifth Street?"" The cop says, ""Where you just asked me.""",100,
370,en-dialogue-0370,dialogue,The Museum Guard,"A tourist asks, ""How long has that painting been here?"" The guard says, ""Six months."" ""Is it valuable?"" ""Apparently. I got a raise.""",100,
371,en-dialogue-0371,dialogue,The Weatherman,"A meteorologist's friend asks how work is. ""Great,"" he says. ""I get paid to be wrong about tomorrow.""",100,
372,en-dialogue-0372,dialogue,The Car Mechanic,"A customer asks, ""Will my car be ready tomorrow?"" The mechanic says, ""Want a mechanical surprise or a financial one?""",100,
373,en-dialogue-0373,dialogue,The Parent-Teacher Call,"A parent tells a teacher, ""My son says he hates math."" The teacher says, ""Many children do."" ""Good,"" the parent says, ""because he's clearly not doing it.""",100,
374,en-dialogue-0374,dialogue,The Dating App,"One friend tells another, ""I've swiped right 500 times."" ""Any matches?"" ""Two."" ""That's good!"" ""My mom and my dentist.""",100,
375,en-dialogue-0375,dialogue,The Banker,"A customer asks for a loan to pay off credit cards. The banker says, ""Those are what you use to pay off loans.""",100,
376,en-dialogue-0376,dialogue,The Pizza Delivery,"A pizza arrives 30 minutes late. The driver says, ""Sorry I'm late."" The customer says, ""You're early for the next pizza.""",100,
377,en-dialogue-0377,dialogue,The Overdue Checkup,"A dentist asks, ""When was your last checkup?"" ""Two years ago."" ""That's terrible!"" ""It gets worse. My dentist hated it too. He moved.""",100,
378,en-dialogue-0378,dialogue,The Blue Apartment,"An artist's friend asks, ""Why did you paint your walls blue?"" ""To match my mood."" ""You seem happy!"" ""I'm not home much.""",100,
379,en-dialogue-0379,dialogue,The Paranoid Librarian,"Someone whispers, ""Do you have a book on paranoia?"" The librarian whispers back, ""Who sent you?""",100,
380,en-dialogue-0380,dialogue,The Confused Tourist,"A lost tourist asks a local, ""Am I going the right way?"" The local asks, ""Where are you going?"" ""If I knew that, I wouldn't be lost.""",100,
381,en-dialogue-0381,dialogue,The Audited Accountant,"An accountant's friend asks why he's sad. ""I got audited."" ""From this year?"" ""Last year."" ""That's not so bad."" ""Yes it is,"" he says. ""I can't remember how to do math anymore.""",100,
382,en-dialogue-0382,dialogue,The Fashion Disaster,"A friend asks a fashion designer, ""Why are you dressed like that?"" ""High fashion."" ""You look ridiculous."" ""Exactly. Now it costs three times more.""",100,
383,en-dialogue-0383,dialogue,Midnight Restocking,"A customer approaches a clerk reorganizing cereal at 1 AM. ""Why are you fixing this?"" The clerk sighs. ""A toddler will destroy it by 7 AM, so I'm just accepting my role now.""",100,
384,en-dialogue-0384,dialogue,The Weather Report,"Reporter: ""How are you always wrong?"" Weatherman: ""I'm not always wrong. I predict tomorrow's weather today, so I'm technically correct every other universe.""",100,
385,en-dialogue-0385,dialogue,The Museum Guard's Job,"A guard stops a tourist from touching a painting. ""Is it fragile?"" ""No. But telling you it is fragile is how I afford my apartment.""",100,
386,en-dialogue-0386,dialogue,The Book Club Lie,"""Did you finish last month's book?"" ""I listened at 1.5x speed."" ""That's not finishing it."" ""Then we agree.""",100,
387,en-dialogue-0387,dialogue,The Accountant Speaks,"A child asks their accountant parent, ""What's your favorite number?"" The parent pauses. ""Zero."" ""Why?"" ""Because that's usually what remains after I help people figure out their finances.""",100,
388,en-dialogue-0388,dialogue,The Gym Paradox,"A friend asks, ""Why keep paying for a membership you never use?"" He replies, ""I go three times a year."" ""That's not regular."" ""Exactly why it's affordable.""",100,
389,en-dialogue-0389,dialogue,The Dog Park Truth,"One owner complains, ""Your dog keeps stealing toys."" The other laughs. ""He's collecting them."" ""Doesn't that bother you?"" ""Only when he starts returning them—then I know it's serious.""",100,
390,en-dialogue-0390,dialogue,The Brutal Interview,"Interviewer: ""Your greatest weakness?"" Applicant: ""I'm too honest."" Interviewer: ""That's a strength."" Applicant: ""I really don't care what you think.""",100,
391,en-dialogue-0391,dialogue,The Parking Pioneer,"His friend circles the lot for a close spot. He suggests, ""There's a spot fifty feet away."" His friend replies, ""Fifty feet? I'd need a sherpa.""",100,
392,en-dialogue-0392,dialogue,The Parent's Payback,"A kid asks, ""Why did you invite MY friends to MY party?"" Their parent replies, ""Because they're the only ones who laugh at my jokes.""",100,
393,en-dialogue-0393,dialogue,The Airline's Comfort,"Passenger: ""Why is my flight delayed?"" Agent: ""We're building your patience."" ""For what?"" ""For accepting this delay.""",100,
394,en-dialogue-0394,dialogue,The Phone Generation Gap,"A teenager says, ""You're always on your phone."" Their parent looks up. ""I'm sorry, what?"" The teenager walks away.",100,
395,en-dialogue-0395,dialogue,The Restaurant Destiny,"Host: ""Do you have a reservation?"" Guest: ""I called three weeks ago."" Host: ""You actually called us?"" ""Yes."" ""You're in the unrealistic-expectations section—it's by the kitchen.""",100,
396,en-dialogue-0396,dialogue,The Dishes Migrate,"""Your dirty dishes moved to my sink."" ""That's not neglect. That's a natural disaster."" ""What?"" ""Gravity. Or destiny. Something beyond my control.""",100,
397,en-dialogue-0397,dialogue,The Speed Bump Whisperer,"A passenger asks, ""Why do you avoid every speed bump?"" The driver explains, ""My car's got feelings. I'm protective.""",100,
398,en-dialogue-0398,dialogue,The Dentist's Truth,"Dentist: ""You haven't flossed since last time."" Patient: ""Correct."" Dentist: ""And you won't before next time."" Patient: ""I appreciate your honesty now.""",100,
399,en-dialogue-0399,dialogue,The Candyland Slaughter,"After a brutal board game loss, a friend says, ""You demolished me."" The opponent replies, ""We played Candyland."" ""Exactly.""",100,
400,en-dialogue-0400,dialogue,The Coffee Ritual,"Barista: ""You come every morning for espresso. Do you taste it?"" Regular: ""Taste it? I haven't confirmed it's coffee yet.""",100,
401,en-dialogue-0401,dialogue,The Cat's Conquest,"""Why does your cat have its own chair?"" ""It looked at me once, and now I rent.""",100,
402,en-dialogue-0402,dialogue,The Eco-Warrior Spirit,"Cashier: ""Paper or plastic?"" Customer: ""I go reusable."" Cashier: ""Do you have them?"" Customer: ""Not physically. But spiritually.""",100,
403,en-brain_teaser-0403,brain_teaser,Clock's Face,What has a face and two hands but no arms or legs? A clock.,100,
404,en-brain_teaser-0404,brain_teaser,Towel Paradox,What gets wetter while drying? A towel.,100,
405,en-brain_teaser-0405,brain_teaser,Stamp's Journey,What can travel around the world while staying in a corner? A stamp.,100,
406,en-brain_teaser-0406,brain_teaser,Echo's Voice,I speak without a mouth and hear without ears. What am I? An echo.,100,
407,en-brain_teaser-0407,brain_teaser,Sleepless Question,"What question can you never answer ""yes"" to? ""Are you asleep right now?""",100,
408,en-brain_teaser-0408,brain_teaser,Bottle's Neck,What has a neck but no head? A bottle.,100,
409,en-brain_teaser-0409,brain_teaser,Keyless Keys,"I have keys but no locks, space but no room. What am I? A keyboard.",100,
410,en-brain_teaser-0410,brain_teaser,River's Run,What can run but never walks? A river.,100,
411,en-brain_teaser-0411,brain_teaser,Egg's Shell,What can be opened but has no hinges or lock? An egg.,100,
412,en-brain_teaser-0412,brain_teaser,Teapot's Name,"What starts with ""T"", ends with ""T"", and has ""T"" in it? A teapot.",100,
413,en-brain_teaser-0413,brain_teaser,Map's Landscape,"I have a city but no houses, forest but no trees, water but no fish. What am I? A map.",100,
414,en-brain_teaser-0414,brain_teaser,Catchable Cold,What can you catch but not throw? A cold.,100,
415,en-brain_teaser-0415,brain_teaser,Footstep Trail,"The more you take, the more you leave behind. What am I? Footsteps.",100,
416,en-brain_teaser-0416,brain_teaser,Coin's Sides,What has a head and a tail but no body? A coin.,100,
417,en-brain_teaser-0417,brain_teaser,Triple Generation,"Two mothers and two daughters walk into a bakery. They buy exactly three cakes and each person gets one whole cake with no leftovers. How? A grandmother, mother, and daughter—three people total.",100,
418,en-brain_teaser-0418,brain_teaser,Fence's Circle,What can run around but never goes anywhere? A fence.,100,
419,en-brain_teaser-0419,brain_teaser,Mined Gold,I'm taken from a mine and locked up in a box. Yet men will die to get me. What am I? Gold.,100,
420,en-brain_teaser-0420,brain_teaser,Middle Letter,"What is seen in the middle of March and April that can't be seen at the beginning or end of either month? The letter ""R.""",100,
421,en-brain_teaser-0421,brain_teaser,Soap's Shrink,What gets smaller every time it takes a bath? Soap.,100,
422,en-brain_teaser-0422,brain_teaser,Minute's Letter,"I come once in a minute, twice in a moment, and never in one thousand years. What am I? The letter ""M.""",100,
423,en-brain_teaser-0423,brain_teaser,Endless Tomorrow,I am always coming but never arrive. What am I? Tomorrow.,100,
424,en-brain_teaser-0424,brain_teaser,Name's Owner,What belongs to you but is used by others more than you? Your name.,100,
425,en-brain_teaser-0425,brain_teaser,Corn Cob Swap,You throw away the outside and cook the inside. You eat the outside and throw away the inside. What is it? Corn on the cob.,100,
426,en-brain_teaser-0426,brain_teaser,What Tells Time But Never Ages,"A clock has a face with hands that show time continuously, but the clock itself never grows older as years pass.",100,
427,en-brain_teaser-0427,brain_teaser,The Language of Silence,"I speak every language in the world but never went to school, what am I? An echo, because it repeats every word in any language without ever being taught.",100,
428,en-brain_teaser-0428,brain_teaser,The Flowing Contradiction,"What runs but has no feet, talks but has no mouth, and leads to the sea but starts in the mountains? A river flows downhill, makes gurgling sounds without lips, and its mouth meets the ocean at its source.",100,
429,en-brain_teaser-0429,brain_teaser,Traces of Movement,"Take as many as you want and you'll only create more behind you, what am I? Footsteps, because each step leaves a print and walking further leaves more footprints in your path.",100,
430,en-brain_teaser-0430,brain_teaser,The Symbolic World,"I display the entire world with countries, forests, and oceans, yet contain none of these things inside me. What am I? A map shows all geographic features as colored symbols but holds no actual mountains or water.",100,
431,en-brain_teaser-0431,brain_teaser,The Soaking Solution,"The more actively I work to dry things, the wetter I become myself. What am I? A towel, because it absorbs water while removing moisture from other items, getting increasingly saturated with each use.",100,
432,en-brain_teaser-0432,brain_teaser,Disappearing Act,"What disappears as soon as you notice it, cannot be held no matter how hard you try, and grows longer the more you chase it? Your shadow disappears when you turn to look at it, cannot be grasped in your hands, and the faster you run the longer it seems to chase you.",100,
433,en-brain_teaser-0433,brain_teaser,Holding Without Hands,"What can you hold in your lungs without ever grabbing it with your hands? Your breath, which you contain inside your body but never touch physically.",100,
434,en-brain_teaser-0434,brain_teaser,The Traveling Prisoner,I visit every country and cross every ocean but am glued to the exact same corner my entire journey. What am I? A postage stamp is affixed to the corner of an envelope and travels worldwide while staying fixed in place.,100,
435,en-brain_teaser-0435,brain_teaser,The Shrinking Word,"If you add two letters to a short word, it becomes shorter, which word is it? The word ""short"" itself, because adding 'e' and 'r' makes ""shorter,"" which has more letters but means less in length.",100,
436,en-brain_teaser-0436,brain_teaser,The Rooted Mountain,"What has roots that dig deeper than any tree but never grows taller, stands higher than any building but never blooms or branches? A mountain has geological roots underground but remains fixed at the same height with no growth.",100,
437,en-brain_teaser-0437,brain_teaser,The Eternal Approach,"What is always coming toward you but never actually arrives, no matter how much time passes? Tomorrow, because it's forever in the future and becomes today before you ever experience it as tomorrow.",100,
438,en-brain_teaser-0438,brain_teaser,The Eye of the Needle,"A needle contains an eye through which thread passes, yet this eye cannot see anything like a window or lens could see.",100,
439,en-brain_teaser-0439,brain_teaser,The Shoe's Tongue,"A shoe's tongue rests against your foot when you wear it, yet it has no taste buds and cannot taste any food.",100,
440,en-brain_teaser-0440,brain_teaser,The Keyboard's Mystery,"A keyboard has keys and even space, but it cannot lock objects and creates no physical rooms inside it.",100,
441,en-brain_teaser-0441,brain_teaser,The Unwanted Creation,"It is made by those who do not want it, bought by those who will not use it, and inhabited by those who know nothing of their residence. What is it? A coffin is constructed by woodworkers with no intention to use one, purchased by grieving families at funerals, and occupied by the deceased who cannot know their fate.",100,
442,en-brain_teaser-0442,brain_teaser,The Sleepless Question,"Ask someone if they are asleep and logically they cannot answer yes without proving they are awake. What is true about this question? If they are sleeping, they cannot respond at all, but if they answer yes, they've proven they're awake, so the honest answer is always no.",100,
443,en-brain_teaser-0443,brain_teaser,The Contagious Catch,What can be caught and spread from person to person but cannot be thrown or kicked like a physical object? A cold or flu virus is caught from others and transmitted but cannot be lobbed through the air as a tangible thing.,100,
444,en-brain_teaser-0444,brain_teaser,The Shrinking Sponge,"What becomes smaller and more worn each time it fulfills its intended purpose? A sponge reduces in size each time it absorbs water and is wrung out, eventually deteriorating from repeated use.",100,
445,en-brain_teaser-0445,brain_teaser,The Bottleneck,"You pour liquid through a bottle's narrow neck daily, yet the bottle has no head sitting above its opening.",100,
446,en-brain_teaser-0446,brain_teaser,The Octopus Tickle,"What single action could make an eight-armed creature laugh so hard that it would need all ten fingers to recover? Ten tickles, because the octopus has eight arms, and eight plus two equals ten tickles.",100,
447,en-brain_teaser-0447,brain_teaser,The Imprisoned Writing,"I am extracted from deep within the earth, imprisoned inside a wooden casing, and gradually consumed through constant use but never escape my wooden cage. What am I? Pencil lead is mined from graphite, inserted into a wooden pencil body, and worn down by writing but remains stuck inside the wood.",100,
448,en-brain_teaser-0448,brain_teaser,The Letter That Appears,"This letter appears once in the word ""minute,"" twice in the word ""moment,"" but fails to appear in any way to describe ""a thousand years."" What letter is this? The letter M appears once in minute, twice in moment, but does not appear in the words ""thousand years"" when those are written.",100,
449,en-brain_teaser-0449,brain_teaser,The Color-Blind Sea,"If you throw a white hat into the Red Sea, what immediately happens and why does the hat's original color prove irrelevant? It becomes wet, because water does not care about the hat's color; it will soak it regardless of whether the hat was white, red, or any other color.",100,
450,en-brain_teaser-0450,brain_teaser,The Spoken Destroyer,"What is so fragile and delicate that the act of speaking its name causes it to be destroyed and cease to exist? Silence is so fragile that the instant you make a sound or speak the word ""silence,"" you have shattered the very silence you named.",100,
451,en-tech_programming-0451,tech_programming,Two Types of Developers,"A programmer is someone who believes debugging is like being a detective solving a crime, except the criminal is you and you left the weapon in the code three weeks ago.",100,
452,en-tech_programming-0452,tech_programming,Why Programmers Make Bad Partners,Q: Why do programmers make terrible partners? A: Because they spend all day thinking about relationships between objects while ignoring the actual ones at home.,100,
453,en-tech_programming-0453,tech_programming,The Cloud Exists,"A programmer tells their friend: ""All my files are in the cloud now."" The friend asks: ""Where's the cloud?"" The programmer pauses and says: ""Someone else's computer. I just don't know whose.""",100,
454,en-tech_programming-0454,tech_programming,SQL Walks Into a Bar,"A SQL query walks into a bar, walks up to two tables, and asks: ""Can I join you?""",100,
455,en-tech_programming-0455,tech_programming,Git Merge Conflicts,"A developer describes their day like this: ""I had a git merge conflict today. My code couldn't decide which version was the real me. Now my project is confused about its identity, and frankly, so am I.""",100,
456,en-tech_programming-0456,tech_programming,Infinite Loop,"A software developer got stuck in the shower because the instructions on the shampoo bottle said: ""Lather, rinse, repeat."" He's still there.",100,
457,en-workplace-0457,workplace,The Unmuted Complaint,"I spent five minutes on mute criticizing the meeting I was currently attending. When I unmuted to apologize, my manager laughed and said, ""You just gave us more honest feedback than in all our quarterly reviews combined.""",100,
458,en-brain_teaser-0458,brain_teaser,Counterfeit Timeline,"A historian immediately identifies a coin marked ""100 BC"" as a forgery. Why does she know instantly? The notation ""BC"" (Before Christ) didn't exist in 100 BC—this dating system was invented centuries after Christ, so no authentic ancient coin would carry a label that the people of that era never created or understood.",100,
459,en-brain_teaser-0459,brain_teaser,The Surgeon's Paradox,"A surgeon operates on a young boy, and the surgeon is the boy's father. But the surgeon is not the boy's biological father and never married the boy's mother. How is this possible? The surgeon is a woman—she's the boy's mother, and people assume all surgeons must be male.",100,
460,en-everyday_life-0460,everyday_life,The Laundry Paradox,I did laundry yesterday and found a sock that doesn't match anything I own. It's like my dryer is running a charity for socks with no homes. Either that or it's developing its own fashion sense and not inviting the rest of my wardrobe.,100,
461,en-everyday_life-0461,everyday_life,Grocery Store Philosophy,"I spent twenty minutes looking for the one item I came to buy, couldn't find it, and left with fifteen things I didn't need. Turns out the store didn't run out of what I wanted—my willpower did.",100,
462,en-everyday_life-0462,everyday_life,Weather Forecast Logic,"A weather forecaster told me there's a 50% chance of rain tomorrow. I asked, ""Is that a 50% chance it rains in my area, or a 50% chance it's actually going to rain?"" He said, ""Yes."" Meteorologists are the only professionals who can be wrong half the time and keep their job security.",100,
463,en-animals-0463,animals,The Detective Dog,"A dog became a private investigator but quit after one day. When asked why, he said, ""Everyone kept saying I was barking up the wrong tree.""",100,
464,en-animals-0464,animals,The Ambitious Squirrel,"A squirrel applied for a job as a forest security guard. The interview went well until they asked about his biggest weakness. He said, ""I'm too scattered—I always lose focus.""",100,
465,en-animals-0465,animals,The Philosophical Owl,"""Do you ever worry about going in circles?"" asked the hawk to the owl. The owl turned his head completely around and said, ""Not really—I take a different perspective.""",100,
466,en-animals-0466,animals,The Anxious Turtle,"A turtle signed up for a speed dating event and arrived three hours late. When asked why, he said, ""I wanted to make an entrance.""",100,
467,en-school_learning-0467,school_learning,Novel College Plans,Why did the novel apply to college? It had the best character development!,100,
468,en-school_learning-0468,school_learning,Math Grades,"My math grades are like a weather forecast: usually wrong, but somehow people still expect them to improve.",100,
469,en-wordplay_pun-0469,wordplay_pun,Broken Calendar,"My calendar fell apart. Now I don't know what day it is anymore, which is perfect—I can't be late if I don't know what time exists.",100,
470,en-wordplay_pun-0470,wordplay_pun,Pencil Point,"I wanted to tell a joke about my broken pencil, but there's no point to it anymore.",100,
471,en-wordplay_pun-0471,wordplay_pun,Math Average,"My teacher said I was average. I said, ""That's mean!"" She said, ""No, it's the median.""",100,
472,en-wordplay_pun-0472,wordplay_pun,Garden Mystery,I'm writing a mystery novel about my vegetable garden. The problem: I have no plot—just vegetables and despair.,100,
473,en-wordplay_pun-0473,wordplay_pun,Running Away,"My friend asked why I'm always running late. I said, ""I'm running away from my problems."" He said, ""That's not what running late means."" I said, ""Exactly.""",100,
474,en-wordplay_pun-0474,wordplay_pun,Cold Shoulder,"Someone gave me the cold shoulder. When I touched it, it was just regular skin temperature. Apparently, my personality is just that chilling.",100,
475,en-wordplay_pun-0475,wordplay_pun,Star Student,"My teacher called me a star student. I asked if that meant I was brilliant. She said, ""It means you're bright, but also very distant and hard to reach.""",100,
476,en-dialogue-0476,dialogue,The Smart Toaster,"Customer: ""Your toaster is too smart for me."" Shop Worker: ""What do you mean?"" Customer: ""It has settings for artisan, sourdough, and heritage grains."" Worker: ""So?"" Customer: ""I just want bread to be hot."" Worker: ""That's actually the one setting it can't do.""",100,
477,en-dialogue-0477,dialogue,Library Whisper,"Librarian: ""Excuse me, could you be quieter?"" Student: ""I'm just breathing!"" Librarian: ""Exactly. Try breathing softer."" Student: ""How soft?"" Librarian: ""Imaginary soft.""",100,
478,en-dialogue-0478,dialogue,Plant Rescue,"Customer: ""Will this plant survive in low light?"" Florist: ""It'll survive, but it won't thrive."" Customer: ""So it's like me in winter."" Florist: ""That's... relatable, actually.""",100,
479,en-dialogue-0479,dialogue,Conference Call Escape,"Friend 1: ""I accidentally left my video on during the meeting."" Friend 2: ""What were you doing?"" Friend 1: ""Eating cereal directly from the box."" Friend 2: ""Caught?"" Friend 1: ""Worse. They all started doing it too.""",100,
480,en-dialogue-0480,dialogue,Restaurant Expectations,"Server: ""How is everything?"" Customer: ""Fine, but I ordered the fish."" Server: ""Yes?"" Customer: ""I just didn't expect it to smell like fish."" Server: ""That's... the fish smell."" Customer: ""I know, but I thought it was just the color.""",100,
481,en-dialogue-0481,dialogue,Fitness Goals,"Trainer: ""Do you have any fitness goals?"" Member: ""I want to tie my shoes without getting out of breath."" Trainer: ""That's achievable."" Member: ""Really?"" Trainer: ""Well, if you wear slip-ons for three months, yes.""",100,
482,en-dialogue-0482,dialogue,Adventure Planning,"Travel Agent: ""Where do you want to go?"" Client: ""Somewhere remote and peaceful."" Agent: ""How remote?"" Client: ""No WiFi, no cell service, no people."" Agent: ""That's called a cave."" Client: ""Perfect. How's the weather?""",100,
483,en-dialogue-0483,dialogue,Tech Support Reality,"Support Agent: ""Have you tried turning it off and on again?"" User: ""Yes, already."" Agent: ""And?"" User: ""It's still on. I accidentally broke the power button."" Agent: ""How does that help us?"" User: ""At least you know the problem isn't my patience.""",100,
484,en-dialogue-0484,dialogue,Waiter's Wisdom,"Customer: ""Do you have any recommendations?"" Waiter: ""I'd suggest the pasta."" Customer: ""Why?"" Waiter: ""Because you'll be back in two hours asking for more."" Customer: ""That's not a recommendation, that's a prediction."" Waiter: ""I've been doing this for ten years.""",100,
485,en-food-0485,food,The Baker's Complaint,Why did the baker go on strike? He kneaded a raise.,100,
486,en-food-0486,food,Salad Day Realization,I ordered a salad at a restaurant and got a bowl of vegetables that cost the same as a steak. I now understand why rabbits look so smug.,100,
487,en-food-0487,food,The Pasta's Problem,"My pasta asked why I was boiling it. I said, ""It's how you become tender and delicious."" It said, ""That sounds like describing a bad relationship.""",100,
488,en-food-0488,food,The Coffee Truth,"What did the cold coffee say to the hot coffee? ""You had your chance and you blew it.""",100,
489,en-food-0489,food,The Donut's Defense,"My trainer said donuts have no nutritional value. I said, ""Wrong—they're round, which is a shape, and shapes are geometric. I'm basically doing math.""",100,
490,en-food-0490,food,The Fridge Mystery,"I found a mysterious container in the back of my fridge. I decided it was too dangerous to open, so I just threw it away. My family said I was being paranoid. Three weeks later, they agreed that was the right call.",100,
491,en-food-0491,food,The Grocery Game,I went to buy one thing and came home with seven. My grocery list is just a starting point for spontaneous life choices.,100,
492,en-mini_story-0492,mini_story,The Expert Advice,"A man asked a lawyer how much jail time he'd get for stealing a loaf of bread. ""Five to ten years,"" said the lawyer. ""What if I don't get caught?"" The lawyer replied, ""Then we're not having this conversation.""",100,
493,en-mini_story-0493,mini_story,The Gym Excuse,"I asked my friend why he kept his gym membership even though he never went. He said, ""I need it."" I asked for what. He said, ""Without it, my free time would actually mean something.""",100,
494,en-mini_story-0494,mini_story,The Procrastinator's Library,"I went to a bookstore looking for a book on time management. It was in the ""Coming Soon"" section. The book about taking action was there too. I asked when they'd arrive. The manager said, ""Probably tomorrow.""",100,
495,en-mini_story-0495,mini_story,The Invisible Investment,"My friend invested all his savings in a company that makes invisible products. I asked if he'd seen any returns. He said, ""That's the whole problem.""",100,
496,en-mini_story-0496,mini_story,The Philosopher's Paradox,"A philosopher once said, ""Nothing is certain."" A student asked, ""Are you certain of that?"" He smiled and replied, ""That's exactly why it works.""",100,
497,en-mini_story-0497,mini_story,The Magician Revealed,"A magician finally revealed how he makes elephants disappear. It turns out they just leave because they're bored. He said, ""The real trick is convincing people I did something.""",100,
498,en-mini_story-0498,mini_story,The Scientist's Evidence,"A scientist discovered a completely invisible insect species and announced it proudly. When asked for proof, she held up a blank microscope slide. ""There it is,"" she said. ""It's right there.""",100,
499,en-mini_story-0499,mini_story,The Dating App Honesty,"I wrote on my profile, ""Looking for someone who hasn't read too many self-help books."" I received book recommendations from ten different people. Apparently my strategy worked perfectly.",100,
500,en-mini_story-0500,mini_story,The Restaurant Response,"A restaurant got a one-star review: ""Food was terrible, service was slow, they were out of everything."" The owner replied, ""Thank you for the feedback. We've improved immediately—we're now completely out of food.""",100,
